{
  "project_info": {
    "project_number": "720390631568",
    "project_id": "sound-chat-5d1ff",
    "storage_bucket": "sound-chat-5d1ff.appspot.com"
  },
  "client": [
    {
      "client_info": {
        "mobilesdk_app_id": "1:720390631568:android:e7cf365fb25ed23703e815",
        "android_client_info": {
          "package_name": "com.example.sound_chat"
        }
      },
      "oauth_client": [
        {
          "client_id": "720390631568-m0jijqe2iblkieg70q9clgjr8q3d1ddk.apps.googleusercontent.com",
          "client_type": 1,
          "android_info": {
            "package_name": "com.example.sound_chat",
            "certificate_hash": "421cd4d8b26cd6a3c4e46fdc00534e318670f589"
          }
        },
        {
          "client_id": "720390631568-ijjf8hko3vs13jav8o168pq9obi6oj4b.apps.googleusercontent.com",
          "client_type": 3
        }
      ],
      "api_key": [
        {
          "current_key": "AIzaSyCvBJtnVDRYWwbEQv8mTmT1QaGHUPDPuS8"
        }
      ],
      "services": {
        "appinvite_service": {
          "other_platform_oauth_client": [
            {
              "client_id": "720390631568-ijjf8hko3vs13jav8o168pq9obi6oj4b.apps.googleusercontent.com",
              "client_type": 3
            }
          ]
        }
      }
    }
  ],
  "configuration_version": "1"
}